{
  "faces": [
    {
      "name": "User",
      "lid": 1,
      "emb": [
        0.015836136415600777,
        -0.07107917964458466,
        -0.04630524292588234,
        0.048542898148298264,
        -0.02297077886760235,
        0.06283336877822876,
        0.03953521326184273,
        -0.002869906136766076,
        0.021515369415283203,
        -0.028845177963376045,
        0.014570644125342369,
        0.0486297644674778,
        0.08704221993684769,
        -0.061705078929662704,
        -0.041343122720718384,
        0.029685141518712044,
        -0.019729500636458397,
        -0.02449822798371315,
        0.04081699624657631,
        -0.021855853497982025,
        -0.01469552330672741,
        -0.008428124710917473,
        -0.017753850668668747,
        0.0012315502390265465,
        0.029279908165335655,
        0.035954054445028305,
        -0.014518475160002708,
        -0.07023333013057709,
        -0.045871492475271225,
        -0.030926931649446487,
        0.01350998505949974,
        0.05413137376308441,
        -0.035812266170978546,
        0.054927676916122437,
        -0.020807936787605286,
        0.023670682683587074,
        -0.0007285159081220627,
        0.0076107485219836235,
        -0.10961419343948364,
        0.0026367290411144495,
        0.08573627471923828,
        -0.05116650089621544,
        -0.03598290681838989,
        -0.030226456001400948,
        -0.08079972863197327,
        0.003501620376482606,
        0.01733545772731304,
        0.05793023481965065,
        -0.03456934913992882,
        -0.04304696246981621,
        0.014840535819530487,
        0.0217349361628294,
        0.04851803183555603,
        0.04937387630343437,
        -0.004985358566045761,
        0.017481863498687744,
        0.03832756355404854,
        0.0426015704870224,
        -0.008296986110508442,
        0.023056915029883385,
        0.04178081825375557,
        0.06964699178934097,
        0.009442666545510292,
        0.011404253542423248,
        0.011973531916737556,
        0.04528854414820671,
        0.01811341755092144,
        -0.05095754563808441,
        0.015585399232804775,
        -0.012157603166997433,
        -0.02241421304643154,
        0.0185365192592144,
        -0.02376813068985939,
        0.053291093558073044,
        0.05014347285032272,
        0.022757424041628838,
        -0.10962189733982086,
        0.0008339665364474058,
        -0.020936427637934685,
        -0.03580986708402634,
        0.02789217419922352,
        -0.019371652975678444,
        -0.03646278753876686,
        -0.018779529258608818,
        -0.014369752258062363,
        0.0008902052068151534,
        0.06777250021696091,
        -0.0084989620372653,
        0.01038915291428566,
        -0.0017495217034593225,
        0.03577572479844093,
        0.06825227290391922,
        -0.04018253833055496,
        0.052693966776132584,
        0.07871466875076294,
        0.029938599094748497,
        0.04475703090429306,
        -0.0637526884675026,
        -0.13301868736743927,
        0.05552935600280762,
        0.009530426003038883,
        -0.10440758615732193,
        0.01443114597350359,
        -0.006401288788765669,
        -0.030920377001166344,
        -0.018818754702806473,
        0.028759049251675606,
        -0.0018948916113004088,
        -0.05879025161266327,
        0.05138387903571129,
        0.03571592643857002,
        0.02265337109565735,
        -0.07925425469875336,
        -0.035812292248010635,
        -0.03276413679122925,
        -0.05319388955831528,
        -0.014783008024096489,
        0.028240354731678963,
        -0.05626438930630684,
        0.08709440380334854,
        -0.04747458174824715,
        -0.007240031845867634,
        0.0006676096236333251,
        -0.054254088550806046,
        -0.06881032139062881,
        0.009410731494426727,
        0.036404408514499664,
        -0.03204944357275963,
        -0.008645351976156235,
        -0.07366057485342026,
        0.011950667016208172,
        -0.034099239856004715,
        0.02111116610467434,
        -0.02979932725429535,
        -0.08618766814470291,
        0.04950009286403656,
        0.012325135990977287,
        0.034602221101522446,
        0.0022422221954911947,
        0.05390174686908722,
        0.008265276439487934,
        -0.01639202982187271,
        0.048438578844070435,
        0.03909885510802269,
        0.022907111793756485,
        -0.0568012110888958,
        -0.013242627494037151,
        0.05733437463641167,
        0.021794162690639496,
        -0.03149518370628357,
        0.06272381544113159,
        -0.021482009440660477,
        -0.05540270730853081,
        -0.017677616328001022,
        0.02768704853951931,
        0.002680158941075206,
        0.008257739245891571,
        0.09798712283372879,
        0.012712073512375355,
        0.0809662714600563,
        0.021459268406033516,
        0.019323036074638367,
        -0.0084910923615098,
        0.019646603614091873,
        -0.033732060343027115,
        0.0276402048766613,
        -0.07706049084663391,
        -0.03593060001730919,
        0.04416666179895401,
        0.04946790263056755,
        0.0258210189640522,
        0.04998508840799332,
        0.053543105721473694,
        -0.019418073818087578,
        0.06464587152004242,
        0.04148024320602417,
        3.8722344470443204e-05,
        0.009418395347893238,
        -0.05861377716064453,
        -0.004618273116648197,
        -0.09109249711036682,
        0.05186771601438522,
        -0.026152489706873894,
        0.02812190167605877,
        -0.019495615735650063,
        0.06559040397405624,
        0.1069376990199089,
        0.047553107142448425,
        -0.015158366411924362,
        -0.046441636979579926,
        0.02596246264874935,
        -0.04305823892354965,
        0.06012636423110962,
        -0.0718814879655838,
        -0.050086844712495804,
        -0.030306028202176094,
        0.052975788712501526,
        0.025220748037099838,
        -0.0213533453643322,
        -0.004757688846439123,
        0.07779837399721146,
        0.011344118975102901,
        -0.017951760441064835,
        0.01781453937292099,
        0.008254115469753742,
        -0.0077324858866631985,
        -0.018938273191452026,
        0.001520397374406457,
        0.013725409284234047,
        -0.005774871911853552,
        -0.04278002679347992,
        -0.034414686262607574,
        -0.018291717395186424,
        0.0498531274497509,
        0.004969522822648287,
        0.007425178773701191,
        -3.3714823075570166e-05,
        0.04334620013833046,
        0.016145532950758934,
        0.020013095811009407,
        -0.0448259599506855,
        -0.0752837285399437,
        -0.07096261531114578,
        -0.039904944598674774,
        0.02974013425409794,
        0.007833722978830338,
        -0.02033509500324726,
        -0.016060099005699158,
        -0.03974427655339241,
        -0.006565447896718979,
        0.02747236378490925,
        0.0619942732155323,
        -0.003470548428595066,
        -0.11737371981143951,
        -0.024116944521665573,
        0.07581128180027008,
        -0.006426723673939705,
        0.047202836722135544,
        -0.03132546320557594,
        -0.04898454621434212,
        -0.018015693873167038,
        0.037307605147361755,
        -0.042737510055303574,
        0.025796884670853615,
        0.04772563651204109,
        0.03939586132764816,
        0.09861261397600174,
        -0.006586700212210417,
        0.0044012898579239845,
        0.0038661560975015163,
        -0.03370680660009384,
        -0.024611540138721466,
        0.04870050400495529,
        0.07356645911931992,
        0.0273997001349926,
        0.05429122969508171,
        -0.04096052050590515,
        -0.032712485641241074,
        0.017108002677559853,
        0.12985369563102722,
        0.026454905048012733,
        0.003179905004799366,
        -0.01689537987112999,
        -0.05487365648150444,
